{
  "cam1": {
    "u12": [
      18,
      6
    ],
    "u13": [
      18,
      8
    ],
    "u15": [
      14,
      5
    ],
    "u16": [
      12,
      5
    ],
    "u17": [
      12,
      7
    ],
    "u18": [
      15,
      7
    ],
    "u19": [
      15,
      10
    ],
    "u20": [
      12,
      10
    ],
    "u21": [
      21,
      10
    ],
    "u22": [
      21,
      4
    ],
    "u23": [
      21,
      7
    ],
    "u24": [
      21,
      2
    ],
    "u25": [
      19,
      5
    ],
    "u26": [
      19,
      8
    ],
    "u27": [
      19,
      10
    ],
    "u28": [
      19,
      11
    ],
    "drag1": [
      16.401002604166667,
      -1.1619791666666668
    ],
    "drag2": [
      14.24140625,
      9.080729166666666
    ],
    "drag3": [
      15.435416666666667,
      -0.020833333333333925
    ],
    "drag4": [
      14.557513020833333,
      9.8694921875
    ],
    "drag5": [
      13.340481770833334,
      4.194557291666667
    ],
    "drag6": [
      13.41640625,
      6.808854166666666
    ],
    "drag7": [
      13.2712890625,
      6.949316406249999
    ],
    "drag8": [
      13.1140625,
      5.622656249999999
    ],
    "drag9": [
      13.134173177083333,
      4.368740234374999
    ],
    "drag10": [
      13.079153645833333,
      5.611373697916666
    ],
    "drag11": [
      12.715455729166667,
      2.8077539062500003
    ],
    "drag12": [
      12.764563802083334,
      2.289195963541667
    ],
    "drag13": [
      10.6875,
      1.4895833333333321
    ],
    "drag14": [
      13.3473046875,
      1.9585221354166666
    ],
    "drag15": [
      10.921516927083333,
      2.995849609375
    ],
    "drag16": [
      12.9016796875,
      4.199980468749999
    ],
    "drag17": [
      10.8853125,
      -0.03505208333333343
    ],
    "drag18": [
      11.60947265625,
      2.3045410156250004
    ],
    "drag19": [
      12.32265625,
      4.459765625
    ],
    "drag20": [
      11.549453125,
      -0.2920963541666657
    ],
    "drag21": [
      8.945859375,
      7.916835937499999
    ],
    "drag22": [
      10.025937500000001,
      3.7331770833333344
    ],
    "drag23": [
      10.040149739583333,
      3.756025390624999
    ],
    "drag24": [
      13.626627604166668,
      -1.2269205729166668
    ],
    "drag25": [
      9.025937500000001,
      3.7331770833333344
    ],
    "drag26": [
      13.998125,
      1.4398958333333338
    ],
    "drag27": [
      14.017005208333334,
      2.705846354166667
    ],
    "drag28": [
      13.669186197916666,
      -0.40627929687500064
    ],
    "drag29": [
      12.816458333333333,
      -1.0992708333333319
    ],
    "drag30": [
      12.71626953125,
      -1.3044042968749991
    ],
    "drag31": [
      12.554746093750001,
      3.308714192708335
    ],
    "drag32": [
      9.03544921875,
      4.459326171874999
    ],
    "drag33": [
      6.6548828125,
      1.9984049479166668
    ],
    "drag34": [
      8.709296875,
      5.769804687499999
    ],
    "drag35": [
      11.724003906250001,
      -0.3572558593750017
    ],
    "drag36": [
      9.801041666666666,
      2.7546874999999993
    ],
    "drag37": [
      11.6812890625,
      -2.4278710937499985
    ],
    "drag38": [
      11.479778645833333,
      2.937252604166668
    ],
    "drag39": [
      12.669140625,
      -2.083203125
    ],
    "drag40": [
      8.571028645833332,
      5.918007812499999
    ],
    "drag41": [
      7.803229166666667,
      6.565
    ],
    "drag42": [
      7.223880208333334,
      6.262057291666666
    ]
  },
  "cam2": {
    "u1": [
      2,
      23
    ],
    "u2": [
      2,
      19
    ],
    "u3": [
      4,
      19
    ],
    "u4": [
      6,
      19
    ],
    "u6": [
      9,
      19
    ],
    "u8": [
      10,
      19
    ],
    "u9": [
      13,
      19
    ],
    "u10": [
      16,
      19
    ],
    "u11": [
      19,
      19
    ],
    "u12": [
      4,
      23
    ],
    "u13": [
      7,
      23
    ],
    "u14": [
      9,
      23
    ],
    "u15": [
      11,
      23
    ],
    "u16": [
      13,
      23
    ],
    "u17": [
      15,
      23
    ],
    "u18": [
      19,
      23
    ],
    "u20": [
      7,
      27
    ],
    "u21": [
      9,
      27
    ],
    "u22": [
      11,
      27
    ],
    "u23": [
      13,
      27
    ],
    "u24": [
      15,
      27
    ],
    "u25": [
      19,
      27
    ],
    "u26": [
      4,
      27
    ],
    "u27": [
      6,
      27
    ],
    "u28": [
      2,
      16
    ],
    "u30": [
      4,
      16
    ],
    "u31": [
      6,
      16
    ],
    "u32": [
      9,
      16
    ],
    "u33": [
      13,
      16
    ],
    "u34": [
      16,
      16
    ],
    "u35": [
      19,
      16
    ],
    "drag1": [
      -3.14396484375,
      13.295833333333334
    ],
    "drag2": [
      -2.35970703125,
      11.258333333333333
    ],
    "drag3": [
      0.7412109375,
      11.425
    ],
    "drag4": [
      -4.425416666666667,
      13.179166666666667
    ],
    "drag5": [
      -1.4179882812500004,
      13.158333333333333
    ],
    "drag6": [
      -1.9309309895833326,
      12.408333333333333
    ],
    "drag7": [
      -1.9162304687499994,
      12.408333333333333
    ],
    "drag8": [
      2.0834375000000005,
      13.4
    ],
    "drag9": [
      -1.081953125,
      13.175
    ],
    "drag10": [
      -4.889990234375,
      12.1375
    ],
    "drag11": [
      -4.041796874999999,
      17.65
    ],
    "drag12": [
      -5.003645833333334,
      12.666666666666668
    ],
    "drag13": [
      2.9499999999999993,
      13.333333333333332
    ],
    "drag14": [
      2.993489583333334,
      13.316666666666666
    ],
    "drag15": [
      1.011393229166666,
      13.295833333333334
    ],
    "drag16": [
      -0.07050781250000071,
      13.141666666666666
    ],
    "drag17": [
      -1.2054687499999996,
      11.4
    ],
    "drag18": [
      -4.781630859375,
      10.9875
    ],
    "drag19": [
      -3.1195703125000005,
      11.216666666666667
    ],
    "drag20": [
      -0.7942871093750004,
      9.329166666666666
    ],
    "drag21": [
      -5.76498046875,
      10.995833333333334
    ],
    "drag22": [
      -1.1907812500000006,
      11.4
    ],
    "drag23": [
      -4.020361328125,
      12.9375
    ],
    "drag24": [
      -3.7909179687499996,
      12.625
    ],
    "drag25": [
      0.9958984374999993,
      13.083333333333332
    ],
    "drag26": [
      7.056266276041667,
      13.354166666666668
    ],
    "drag27": [
      7.047018229166667,
      13.408333333333333
    ],
    "drag28": [
      5.050244140625001,
      13.395833333333332
    ],
    "drag29": [
      -1.1578515624999994,
      11.35
    ],
    "drag30": [
      -1.1605957031250007,
      10.354166666666668
    ],
    "drag31": [
      -1.1578515624999994,
      10.35
    ],
    "drag32": [
      -3.938310546875,
      12.670833333333334
    ],
    "drag33": [
      0.004374999999999574,
      13.1
    ],
    "drag34": [
      -0.38619791666666714,
      13.133333333333333
    ],
    "drag35": [
      -0.7042773437500003,
      10.325
    ],
    "drag36": [
      1.0004720052083336,
      13.095833333333333
    ],
    "drag37": [
      3.962158203125,
      13.395833333333332
    ],
    "drag38": [
      -3.9085481770833335,
      13.200628255208333
    ],
    "drag39": [
      -2.9920833333333334,
      14.895520833333332
    ],
    "drag40": [
      4.00828125,
      13.072421875
    ],
    "drag41": [
      5.3331640625,
      12.00529296875
    ],
    "drag42": [
      -0.8871744791666663,
      9.417252604166666
    ],
    "drag43": [
      0.320195312500001,
      9.4703515625
    ],
    "drag44": [
      -0.7046614583333337,
      13.490442708333333
    ],
    "drag45": [
      -5.529622395833334,
      17.9716796875
    ],
    "drag46": [
      -4.083658854166667,
      9.122233072916668
    ]
  },
  "cam3": {
    "p3": [
      6,
      3
    ],