{
  "cam1": [
    [
      -0.07048651783032853,
      -0.10195582641550244,
      -7.324069605514092
    ],
    [
      -0.07159080924299549,
      0.014777411245157576,
      4.437850188340476
    ],
    [
      -0.012663236375411908,
      -0.005492601473584014,
      1.0
    ]
  ],
  "cam2": [
    [
      0.05963554879147862,
      -0.07862083373233496,
      -3.4071431588048346
    ],
    [
      0.0052164136504679924,
      0.24016540532067604,
      -3.645433807063861
    ],
    [
      -0.0013285062091399154,
      0.015009630398702534,
      1.0
    ]
  ],
  "cam3": [
    [
      0.006361441451249654,
      -0.055545632026504616,
      9.291406151859032
    ],
    [
      0.004161224717715634,
      -0.03787985191988027,
      6.533244997686928
    ],
    [
      0.0006207642496344863,
      -0.005844587558527459,
      1.0
    ]
  ],
  "cam4": [
    [
      -0.2015890578642623,
      -0.5023925643573455,
      102.31389213683313
    ],
    [
      0.060387274296545404,
      -0.56135462324491,
      1.9584272109642518
    ],
    [
      -0.0014788809058080788,
      -0.03305934519118545,
      1.0
    ]
  ]
}